{
  "askcliStatesVersion": "2020-03-31",
  "profiles": {
    "default": {
      "deploymentStatus": "COMPLETE",
      "skillMetadata": {
        "lastImportId": "amzn1.ask-package.import.ee017f5b-f662-424f-afe2-33bad8575b93",
        "lastImportTimestamp": "2024-12-15T12:56:37.440Z",
        "lastDeployHash": "5qhcVV1TUPmAfr4aZg4I/usXmwE=",
        "lastDeployType": "interaction-model"
      },
      "skillId": "amzn1.ask.skill.d72b3bd9-164a-4c5c-9c2f-0f97c4a705af",
      "code": {
        "default": {
          "lastDeployHash": "6zzlqCAz+khUcLLSu7KdbJvYiSk="
        },
        "lastDeployTimestamp": "2024-12-16T21:36:53.237Z"
      },
      "skillInfrastructure": {
        "@ask-cli/cfn-deployer": {
          "deployState": {
            "default": {
              "s3": {
                "bucket": "ask-uk-job-finder-default-euwest1-1734267456218",
                "key": "endpoint/build.zip"
              },
              "stackId": "arn:aws:cloudformation:eu-west-1:491085415962:stack/ask-UKJobFinder-default-skillStack-1734364051331/1af68650-bbc5-11ef-b5d8-0268c025682f",
              "outputs": [
                {
                  "OutputKey": "TableName",
                  "OutputValue": "ask-UKJobFinder-default-skillStack-1734364051331-saved-jobs",
                  "Description": "Name of the DynamoDB table"
                },
                {
                  "OutputKey": "SkillEndpoint",
                  "OutputValue": "arn:aws:lambda:eu-west-1:491085415962:function:ask-UKJobFinder-default-skillStack-1734364051331-function",
                  "Description": "ARN of the Lambda function"
                },
                {
                  "OutputKey": "TableArn",
                  "OutputValue": "arn:aws:dynamodb:eu-west-1:491085415962:table/ask-UKJobFinder-default-skillStack-1734364051331-saved-jobs",
                  "Description": "ARN of the DynamoDB table"
                }
              ]
            }
          }
        }
      }
    }
  }
}